Kate,ms.perla.gioielli@gmail.com,nkdfsllg
Romashka,admin@email.com,dflskfgsl
Lena Kuka,admin@email.com,dkfldsjfkgdfgk
heheh,adminka@email.com,sdksmdflsmkdfkl
heheh,adminka@email.com,sdksmdflsmkdfkl
heheh,adminka@email.com,sdksmdflsmkdfkl
heheh,adminka@email.com,sdksmdflsmkdfkl
Romik,katya.altshuler00@gmail.com,dsfnsjdv;lskdvlxc;bvmkdfb
Katsiaryna,katya.altshuler00@gmail.com,bjbkjh
Katsiaryna,katya.altshuler00@gmail.com,bjbkjh
Katsiaryna,katya.altshuler00@gmail.com,bjbkjh
Katsiaryna,katya.altshuler00@gmail.com,bjbkjh
Katsiaryna,katya.altshuler00@gmail.com,bjbkj
Katsiaryna,katya.altshuler00@gmail.com,bjbkj
Katsiaryna,admin@email.com,czv
